year,release,link,hvPos,hvNeg,hvPol,hvSub,lmPos,lmNeg,lmPol,lmSub
2021,2021-02-17,https://www.federalreserve.gov/monetarypolicy/fomcminutes20210127.htm,1439,462,0.5139400312919831,0.2913856529289721,199,259,-0.13100436652619135,0.07020232984822158
2021,2021-04-07,https://www.federalreserve.gov/monetarypolicy/fomcminutes20210317.htm,893,303,0.4933110363768302,0.2632042252941892,151,156,-0.016286644898089106,0.06756161970344154
2020,2020-02-19,https://www.federalreserve.gov/monetarypolicy/fomcminutes20200129.htm,1461,512,0.48099341080537583,0.29316493309165453,175,282,-0.2341356668837294,0.06790490340744355
2020,2020-04-08,https://www.federalreserve.gov/monetarypolicy/fomcminutes20200315.htm,993,431,0.39466292107116363,0.27596899219457965,118,329,-0.4720357931274367,0.08662790695995583
2020,2020-05-20,https://www.federalreserve.gov/monetarypolicy/fomcminutes20200429.htm,956,409,0.4007326004390237,0.27164179099071806,124,327,-0.45011086374698256,0.08975124376323358
2020,2020-07-01,https://www.federalreserve.gov/monetarypolicy/fomcminutes20200610.htm,1104,402,0.46613545785781174,0.2847419171327771,167,265,-0.22685185132673183,0.08167895630900378
2020,2020-08-19,https://www.federalreserve.gov/monetarypolicy/fomcminutes20200729.htm,945,316,0.4988104674870654,0.2653061223931609,148,222,-0.19999999945945945,0.07784557120179979
2020,2020-10-07,https://www.federalreserve.gov/monetarypolicy/fomcminutes20200916.htm,1060,356,0.4971751408918254,0.2751651767829061,186,189,-0.007999999978666667,0.07287213368191368
2020,2020-11-25,https://www.federalreserve.gov/monetarypolicy/fomcminutes20201105.htm,948,309,0.5083532215526226,0.25296840405454446,126,218,-0.26744185968766904,0.0692292211573296
2020,2021-01-06,https://www.federalreserve.gov/monetarypolicy/fomcminutes20201216.htm,893,289,0.510998307520306,0.2696167882596677,143,172,-0.09206349177122701,0.07185218976463226
2019,2019-02-20,https://www.federalreserve.gov/monetarypolicy/fomcminutes20190130.htm,1497,502,0.49774887418821967,0.27488998896109873,146,290,-0.3302752286002862,0.05995599559131518
2019,2019-04-10,https://www.federalreserve.gov/monetarypolicy/fomcminutes20190320.htm,929,344,0.4595443829854325,0.2530312064692842,113,210,-0.30030959659346873,0.06420194791011688
2019,2019-05-22,https://www.federalreserve.gov/monetarypolicy/fomcminutes20190501.htm,855,334,0.43818334698218386,0.24540763668825433,107,195,-0.2913907275119512,0.06233230132872398
2019,2019-07-10,https://www.federalreserve.gov/monetarypolicy/fomcminutes20190619.htm,779,334,0.3998203051214552,0.2582366588727989,84,204,-0.4166666652199074,0.06682134569215281
2019,2019-08-21,https://www.federalreserve.gov/monetarypolicy/fomcminutes20190731.htm,1089,416,0.44717607943709226,0.26899016974638246,115,255,-0.3783783773557341,0.06613047362535648
2019,2019-10-09,https://www.federalreserve.gov/monetarypolicy/fomcminutes20190918.htm,999,482,0.3490884535117566,0.26451151986702776,108,299,-0.46928746813442884,0.07269155204988541
2019,2019-11-20,https://www.federalreserve.gov/monetarypolicy/fomcminutes20191030.htm,1296,451,0.4836863191278269,0.2643765132771827,151,305,-0.33771929750500157,0.06900726391207516
2019,2020-01-03,https://www.federalreserve.gov/monetarypolicy/fomcminutes20191211.htm,871,341,0.43729372901213387,0.270414993246226,100,206,-0.3464052276261267,0.06827309235424518
2018,2018-02-21,https://www.federalreserve.gov/monetarypolicy/fomcminutes20180131.htm,1352,557,0.4164484020867216,0.30148452300987294,158,211,-0.14363143592511807,0.05827542639635574
2018,2018-04-11,https://www.federalreserve.gov/monetarypolicy/fomcminutes20180321.htm,686,285,0.4129763126539894,0.2546551271296472,95,148,-0.218106994987214,0.06372934695417537
2018,2018-05-23,https://www.federalreserve.gov/monetarypolicy/fomcminutes20180502.htm,705,296,0.40859140818322537,0.24202127653722888,82,142,-0.26785714166135205,0.054158607337002264
2018,2018-07-05,https://www.federalreserve.gov/monetarypolicy/fomcminutes20180613.htm,645,268,0.41292442452034567,0.24816526223208338,69,127,-0.2959183658371512,0.05327534654708471
2018,2018-08-22,https://www.federalreserve.gov/monetarypolicy/fomcminutes20180801.htm,808,302,0.4558558554451749,0.254237288077362,100,181,-0.28825622673218426,0.06436097112589075
2018,2018-10-17,https://www.federalreserve.gov/monetarypolicy/fomcminutes20180926.htm,646,256,0.4323725050638886,0.2398936169574751,94,132,-0.16814159217636465,0.06010638296273767
2018,2018-11-29,https://www.federalreserve.gov/monetarypolicy/fomcminutes20181108.htm,764,308,0.42537313393155485,0.24187725626311432,109,194,-0.28052805187944535,0.06836642597735414
2018,2019-01-09,https://www.federalreserve.gov/monetarypolicy/fomcminutes20181219.htm,803,328,0.4199823161627035,0.2501658924463247,95,192,-0.33797909289902756,0.06348153062077382
2017,2017-02-22,https://www.federalreserve.gov/monetarypolicy/fomcminutes20170201.htm,1408,453,0.5131649647967947,0.29441544054826524,150,218,-0.18478260819352552,0.05821863628251564
2017,2017-04-05,https://www.federalreserve.gov/monetarypolicy/fomcminutes20170315.htm,873,290,0.5012897674107568,0.25695978783540435,117,160,-0.15523465647929727,0.061201944308174556
2017,2017-05-24,https://www.federalreserve.gov/monetarypolicy/fomcminutes20170503.htm,776,330,0.4032549725106193,0.2523961660765869,86,177,-0.3460076032471194,0.060018256490182956
2017,2017-07-05,https://www.federalreserve.gov/monetarypolicy/fomcminutes20170614.htm,837,332,0.43199315617451395,0.25948945610222207,106,170,-0.23188405713085486,0.06126526080771026
2017,2017-08-16,https://www.federalreserve.gov/monetarypolicy/fomcminutes20170726.htm,702,292,0.41247484867960277,0.2575129533011625,91,176,-0.31835205873276384,0.06917098443803861
2017,2017-10-11,https://www.federalreserve.gov/monetarypolicy/fomcminutes20170920.htm,791,337,0.4024822691467355,0.2577696525919173,116,178,-0.2108843530242029,0.06718464349470187
2017,2017-11-22,https://www.federalreserve.gov/monetarypolicy/fomcminutes20171101.htm,728,323,0.3853472879302119,0.26709021594228965,117,182,-0.21739130362076486,0.07598475220432407
2017,2018-01-03,https://www.federalreserve.gov/monetarypolicy/fomcminutes20171213.htm,676,304,0.37959183634735527,0.25349198131052975,92,131,-0.17488789159243098,0.057682359012498095
2016,2016-02-17,https://www.federalreserve.gov/monetarypolicy/fomcminutes20160127.htm,1448,554,0.44655344633039284,0.28938999706715957,153,313,-0.343347638748181,0.06736050880784034
2016,2016-04-06,https://www.federalreserve.gov/monetarypolicy/fomcminutes20160316.htm,719,322,0.3813640726403803,0.2581205057629257,106,191,-0.2861952852316657,0.07364244977097882
2016,2016-05-18,https://www.federalreserve.gov/monetarypolicy/fomcminutes20160427.htm,907,317,0.4820261433970374,0.25877378430047066,145,233,-0.2328042321883486,0.07991543338691005
2016,2016-07-06,https://www.federalreserve.gov/monetarypolicy/fomcminutes20160615.htm,764,337,0.387829245787621,0.2604684172556261,117,214,-0.2930513586312648,0.07830612725850339
2016,2016-08-17,https://www.federalreserve.gov/monetarypolicy/fomcminutes20160727.htm,994,366,0.46176470554282,0.25568715919238816,148,266,-0.28502415390090785,0.07783417934238876
2016,2016-10-12,https://www.federalreserve.gov/monetarypolicy/fomcminutes20160921.htm,1126,468,0.4127979922127992,0.28861126194303616,130,223,-0.26345608990522357,0.06391453918813787
2016,2016-11-23,https://www.federalreserve.gov/monetarypolicy/fomcminutes20161102.htm,945,324,0.4893617017420317,0.26459549619170236,139,187,-0.1472392633520268,0.06797331107840422
2016,2017-01-04,https://www.federalreserve.gov/monetarypolicy/fomcminutes20161214.htm,835,305,0.46491228029393655,0.26623073324002083,122,144,-0.08270676660636554,0.06212050442267152
2015,2015-02-18,https://www.federalreserve.gov/monetarypolicy/fomcminutes20150128.htm,1610,544,0.4948932216829651,0.2941015837938146,199,317,-0.22868217009945316,0.07045330419573276
2015,2015-04-08,https://www.federalreserve.gov/monetarypolicy/fomcminutes20150318.htm,880,284,0.5120274909690485,0.26950683022238786,122,160,-0.13475177257180224,0.06529289185800118
2015,2015-05-20,https://www.federalreserve.gov/monetarypolicy/fomcminutes20150429.htm,776,291,0.45454545411945124,0.27115628963884214,110,200,-0.29032257970863684,0.07878017787070389
2015,2015-07-08,https://www.federalreserve.gov/monetarypolicy/fomcminutes20150617.htm,791,279,0.47850467244999556,0.2613580849386033,142,168,-0.08387096747138398,0.07572056666445516
2015,2015-08-19,https://www.federalreserve.gov/monetarypolicy/fomcminutes20150729.htm,886,296,0.4991539758890406,0.27103875251753295,130,186,-0.17721518931261016,0.07246044483548258
2015,2015-10-08,https://www.federalreserve.gov/monetarypolicy/fomcminutes20150917.htm,762,315,0.41504178234443656,0.27693494464465546,116,202,-0.270440250721886,0.0817690922906225
2015,2015-11-18,https://www.federalreserve.gov/monetarypolicy/fomcminutes20151028.htm,856,321,0.4545454541592647,0.27564402803849086,118,225,-0.3119533518601943,0.08032786883364686
2015,2016-01-06,https://www.federalreserve.gov/monetarypolicy/fomcminutes20151216.htm,768,325,0.4053064955120709,0.27790490712486526,114,190,-0.24999999917763158,0.07729468597068531
2014,2014-02-19,https://www.federalreserve.gov/monetarypolicy/fomcminutes20140129.htm,1296,446,0.4879448906498594,0.28826741679823475,176,234,-0.14146341428911363,0.06784709580211036
2014,2014-04-09,https://www.federalreserve.gov/monetarypolicy/fomcminutes20140319.htm,821,286,0.48328816577842076,0.2655313024069246,113,222,-0.3253731333570951,0.08035500118005397
2014,2014-05-21,https://www.federalreserve.gov/monetarypolicy/fomcminutes20140430.htm,680,218,0.514476614126418,0.26489675508410127,97,139,-0.1779661009408216,0.06961651915350546
2014,2014-07-09,https://www.federalreserve.gov/monetarypolicy/fomcminutes20140618.htm,877,311,0.4764309760299402,0.2699999999386363,120,178,-0.19463087183009775,0.06772727271188016
2014,2014-08-20,https://www.federalreserve.gov/monetarypolicy/fomcminutes20140730.htm,821,249,0.5345794387527294,0.2611029769982667,139,167,-0.09150326767482592,0.07467057099202767
2014,2014-10-08,https://www.federalreserve.gov/monetarypolicy/fomcminutes20140917.htm,959,310,0.511426319533943,0.2699999999425532,140,216,-0.21348314546774397,0.07574468083494794
2014,2014-11-19,https://www.federalreserve.gov/monetarypolicy/fomcminutes20141029.htm,861,311,0.46928327605009956,0.26893070209524306,135,214,-0.2263610308700257,0.08008260668194524
2014,2015-01-07,https://www.federalreserve.gov/monetarypolicy/fomcminutes20141217.htm,777,298,0.44558139493434284,0.2736065155832002,120,179,-0.1973244140557712,0.07610078898546684
2013,2013-02-20,https://www.federalreserve.gov/monetarypolicy/fomcminutes20130130.htm,1236,372,0.5373134325016707,0.2868355333059516,163,198,-0.09695290831869001,0.06439529074841326
2013,2013-04-10,https://www.federalreserve.gov/monetarypolicy/fomcminutes20130320.htm,759,256,0.49556650197481134,0.27536625060353603,136,170,-0.11111111074800291,0.08301682037899706
2013,2013-05-22,https://www.federalreserve.gov/monetarypolicy/fomcminutes20130501.htm,686,240,0.48164146816237424,0.2654816513000339,105,151,-0.17968749929809572,0.07339449539180204
2013,2013-07-10,https://www.federalreserve.gov/monetarypolicy/fomcminutes20130619.htm,834,289,0.48530721239064356,0.2707981672845917,156,190,-0.09826589566975175,0.08343380755161953
2013,2013-08-21,https://www.federalreserve.gov/monetarypolicy/fomcminutes20130731.htm,733,221,0.536687630464688,0.26136986294209047,129,153,-0.08510638267692772,0.07726027395143555
2013,2013-10-09,https://www.federalreserve.gov/monetarypolicy/fomcminutes20130918.htm,889,273,0.5301204814714969,0.2778574843907562,153,194,-0.11815561925603568,0.08297465325610362
2013,2013-11-20,https://www.federalreserve.gov/monetarypolicy/fomcminutes20131030.htm,820,268,0.5073529407101535,0.2771974521586758,112,200,-0.2820512811472715,0.07949044583962027
2013,2014-01-08,https://www.federalreserve.gov/monetarypolicy/fomcminutes20131218.htm,907,348,0.4454183263383121,0.2800089245247637,150,219,-0.18699186941194615,0.08232931725070743
2012,2012-02-15,https://www.federalreserve.gov/monetarypolicy/fomcminutes20120125.htm,1221,402,0.5046210717778058,0.29059982089693825,129,239,-0.29891304266599716,0.0658907788601807
2012,2012-04-03,https://www.federalreserve.gov/monetarypolicy/fomcminutes20120313.htm,655,213,0.509216589275096,0.26740603811848246,104,142,-0.15447154408751404,0.0757855822317358
2012,2012-05-16,https://www.federalreserve.gov/monetarypolicy/fomcminutes20120425.htm,704,246,0.48210526265041553,0.2680586906692837,95,171,-0.28571428464017185,0.07505643338739942
2012,2012-07-11,https://www.federalreserve.gov/monetarypolicy/fomcminutes20120620.htm,803,281,0.4815498150539208,0.2698531241548785,112,234,-0.35260115505028566,0.08613393077268262
2012,2012-08-22,https://www.federalreserve.gov/monetarypolicy/fomcminutes20120801.htm,741,238,0.513789580680501,0.27126627867241165,112,177,-0.2249134940314412,0.08007758379604389
2012,2012-10-04,https://www.federalreserve.gov/monetarypolicy/fomcminutes20120913.htm,819,250,0.5322731519810353,0.2733316286695649,149,194,-0.13119533489447424,0.08770135512971072
2012,2012-11-14,https://www.federalreserve.gov/monetarypolicy/fomcminutes20121024.htm,723,227,0.5221052626083102,0.27173913035705405,116,161,-0.1624548730597297,0.07923340958831997
2012,2013-01-03,https://www.federalreserve.gov/monetarypolicy/fomcminutes20121212.htm,764,291,0.4483412318025201,0.2705822004948494,102,209,-0.3440514458390629,0.07976404204160964
2011,2011-02-16,https://www.federalreserve.gov/monetarypolicy/fomcminutes20110126.htm,1107,331,0.5396383862728522,0.27542616351744376,130,177,-0.15309446204203758,0.05880099596651963
2011,2011-04-05,https://www.federalreserve.gov/monetarypolicy/fomcminutes20110315.htm,658,263,0.4288816499143522,0.2724852070199748,99,141,-0.17499999927083335,0.07100591713875565
2011,2011-05-18,https://www.federalreserve.gov/monetarypolicy/fomcminutes20110427.htm,726,285,0.4362017799839745,0.25876631680093004,99,167,-0.25563909678331165,0.06808292806038319
2011,2011-07-12,https://www.federalreserve.gov/monetarypolicy/fomcminutes20110622.htm,715,272,0.44883485263542566,0.2606284657352447,81,196,-0.4151624533748648,0.0731449696136401
2011,2011-08-30,https://www.federalreserve.gov/monetarypolicy/fomcminutes20110809.htm,642,217,0.4947613498314769,0.2553507728135105,80,212,-0.4520547929724151,0.08680142684696747
2011,2011-10-12,https://www.federalreserve.gov/monetarypolicy/fomcminutes20110921.htm,848,296,0.48251748209570144,0.26760233911868947,110,255,-0.39726027288421845,0.08538011693909237
2011,2011-11-22,https://www.federalreserve.gov/monetarypolicy/fomcminutes20111102.htm,764,259,0.4936461383248816,0.26724137924053254,104,183,-0.27526132308271317,0.07497387667842897
2011,2012-01-03,https://www.federalreserve.gov/monetarypolicy/fomcminutes20111213.htm,748,271,0.4681059858016624,0.2622233658614968,104,193,-0.29966329865433233,0.07642820378887591
2010,2010-02-17,https://www.federalreserve.gov/monetarypolicy/fomcminutes20100127.htm,1190,372,0.5236875796903409,0.27495159298099775,102,216,-0.35849056491040704,0.055976060542866385
2010,2010-04-06,https://www.federalreserve.gov/monetarypolicy/fomcminutes20100316.htm,654,240,0.46308724780415295,0.2647320105819568,81,172,-0.3596837930447281,0.07491856675305936
2010,2010-05-19,https://www.federalreserve.gov/monetarypolicy/fomcminutes20100428.htm,717,255,0.47530864148630797,0.2734177214420766,107,168,-0.22181818101157025,0.077355836827748
2010,2010-07-14,https://www.federalreserve.gov/monetarypolicy/fomcminutes20100623.htm,777,254,0.5072744902936231,0.2626751591687452,92,178,-0.3185185173388203,0.06878980889967139
2010,2010-08-31,https://www.federalreserve.gov/monetarypolicy/fomcminutes20100810.htm,652,226,0.4851936213152692,0.2597633135326144,80,178,-0.3798449597680428,0.07633136092416232
2010,2010-10-12,https://www.federalreserve.gov/monetarypolicy/fomcminutes20100921.htm,613,211,0.48786407707783486,0.2716782063067332,76,151,-0.33039647431543406,0.07484338935877238
2010,2010-11-23,https://www.federalreserve.gov/monetarypolicy/fomcminutes20101103.htm,755,261,0.48622047196238144,0.2766884530836905,106,179,-0.2561403499784549,0.07761437906383051
2010,2011-01-04,https://www.federalreserve.gov/monetarypolicy/fomcminutes20101214.htm,633,246,0.44027303704178267,0.2613737733388719,89,159,-0.2822580633779917,0.07374368121506283
2009,2009-02-18,https://www.federalreserve.gov/monetarypolicy/fomcminutes20090128.htm,1129,407,0.47005208302730983,0.2787658801671931,115,288,-0.4292803959571206,0.07313974590324142
2009,2009-04-08,https://www.federalreserve.gov/monetarypolicy/fomcminutes20090318.htm,649,244,0.4535274351024329,0.25631458086787756,66,230,-0.5540540521822498,0.08495981627871418
2009,2009-05-20,https://www.federalreserve.gov/monetarypolicy/fomcminutes20090429.htm,608,209,0.4883720924254932,0.24938949931337318,91,189,-0.34999999875,0.0854700854439957
2009,2009-07-15,https://www.federalreserve.gov/monetarypolicy/fomcminutes20090624.htm,769,312,0.42275670636192714,0.2614900821815457,112,245,-0.37254901856428846,0.0863570391663384
2009,2009-09-02,https://www.federalreserve.gov/monetarypolicy/fomcminutes20090812.htm,662,248,0.45494505444511535,0.2599257354298984,99,206,-0.3508196709809191,0.08711796627046045
2009,2009-10-14,https://www.federalreserve.gov/monetarypolicy/fomcminutes20090923.htm,729,230,0.5203336803750431,0.2556651558902519,139,189,-0.15243902392549077,0.08744334841710388
2009,2009-11-24,https://www.federalreserve.gov/monetarypolicy/fomcminutes20091104.htm,687,223,0.5098901093297911,0.2578634173256267,99,177,-0.28260869462822935,0.07820912437568459
2009,2010-01-06,https://www.federalreserve.gov/monetarypolicy/fomcminutes20091216.htm,805,300,0.4570135742470465,0.2710991167146469,118,204,-0.2670807445121716,0.0789990186263496
2008,2008-02-20,https://www.federalreserve.gov/monetarypolicy/fomcminutes20080130.htm,975,354,0.4672686226732365,0.2781498534369716,93,233,-0.4294478514434115,0.06822938466550242
2008,2008-04-08,https://www.federalreserve.gov/monetarypolicy/fomcminutes20080318.htm,563,260,0.3681652486413545,0.2678164659069911,56,210,-0.5789473662445588,0.08656036443652446
2008,2008-05-21,https://www.federalreserve.gov/monetarypolicy/fomcminutes20080430.htm,689,282,0.41915550935205403,0.2745264347541627,78,213,-0.4639175241789776,0.08227311278420325
2008,2008-08-26,https://www.federalreserve.gov/monetarypolicy/fomcminutes20080805.htm,469,236,0.3304964534319199,0.26857142846911564,48,171,-0.5616438330518546,0.08342857139678912
2008,2008-10-07,https://www.federalreserve.gov/monetarypolicy/fomcminutes20080916.htm,425,211,0.3364779868923302,0.2719110729919149,48,155,-0.5270935934625931,0.08678922612792253
2008,2008-11-19,https://www.federalreserve.gov/monetarypolicy/fomcminutes20081029.htm,752,326,0.39517625195252665,0.2655826557611277,71,277,-0.5919540212874884,0.08573540278745125
2008,2009-01-06,https://www.federalreserve.gov/monetarypolicy/fomcminutes20081216.htm,791,289,0.4648148143844307,0.2762148336889476,76,282,-0.5754189928060922,0.09156010227837338
2007,2007-02-21,https://www.federalreserve.gov/fomc/minutes/20070131.htm,809,253,0.5235404891492085,0.2871046227934294,91,112,-0.10344827535247156,0.05487969720062728
2007,2007-04-11,https://www.federalreserve.gov/fomc/minutes/20070321.htm,411,172,0.40994854132084296,0.2769596198209218,53,97,-0.2933333313777778,0.07125890732956822
2007,2007-05-30,https://www.federalreserve.gov/fomc/minutes/20070509.htm,407,160,0.43562610152446896,0.2706443912789287,59,111,-0.3058823511418685,0.08114558468680402
2007,2007-07-19,https://www.federalreserve.gov/fomc/minutes/20070628.htm,414,161,0.4399999992347826,0.26243724314813455,49,104,-0.35947712183348285,0.06983112730724275
2007,2007-08-28,https://www.federalreserve.gov/fomc/minutes/20070807.htm,426,154,0.4689655164328181,0.2611436288783685,52,109,-0.35403726488175613,0.07248986939554711
2007,2007-10-09,https://www.federalreserve.gov/fomc/minutes/20070918.htm#august10,534,195,0.46502057549379894,0.2611031517689459,53,165,-0.5137614655332043,0.07808022919839534
2007,2007-10-09,https://www.federalreserve.gov/fomc/minutes/20070918.htm#august16,534,195,0.46502057549379894,0.2611031517689459,53,165,-0.5137614655332043,0.07808022919839534
2007,2007-10-09,https://www.federalreserve.gov/fomc/minutes/20070918.htm,534,195,0.46502057549379894,0.2611031517689459,53,165,-0.5137614655332043,0.07808022919839534
2007,2007-11-20,https://www.federalreserve.gov/monetarypolicy/fomcminutes20071031.htm,527,219,0.4128686321543316,0.2702898549745327,68,160,-0.40350877016004927,0.08260869562224323
2007,2008-01-02,https://www.federalreserve.gov/monetarypolicy/fomcminutes20071211.htm,520,234,0.3793103443245221,0.25319006035823033,63,190,-0.5019762826008842,0.08495634651277491
2006,2006-02-21,https://www.federalreserve.gov/fomc/minutes/20060131.htm,696,235,0.49516648711582545,0.2797475960697874,72,84,-0.07692307642998028,0.04687499998591497
2006,2006-04-18,https://www.federalreserve.gov/fomc/minutes/20060328.htm,391,152,0.4401473288395077,0.27028372311085924,47,63,-0.1454545441322314,0.05475360873332324
2006,2006-05-31,https://www.federalreserve.gov/fomc/minutes/20060510.htm,405,166,0.41856392220917,0.2726838585135225,60,71,-0.08396946500786669,0.06255969433497627
2006,2006-07-20,https://www.federalreserve.gov/fomc/minutes/20060629.htm,374,158,0.4060150368307988,0.26454500235477624,59,79,-0.14492753518168452,0.06862257579879534
2006,2006-08-29,https://www.federalreserve.gov/fomc/minutes/20060808.htm,379,131,0.48627450885044216,0.2770233567207912,43,68,-0.22522522319616917,0.060293318815701616
2006,2006-10-11,https://www.federalreserve.gov/fomc/minutes/20060920.htm,346,146,0.40650406421442264,0.26811989086206,48,83,-0.2671755704795758,0.07138964573766231
2006,2006-11-15,https://www.federalreserve.gov/fomc/minutes/20061025.htm,437,170,0.4398682035587015,0.27503398265743817,51,121,-0.4069767418199027,0.07793384681561674
2006,2007-01-03,https://www.federalreserve.gov/fomc/minutes/20061212.htm,410,137,0.4990859223051446,0.2686640470193202,48,87,-0.28888888674897123,0.06630648326802235
2005,2005-02-23,https://www.federalreserve.gov/fomc/minutes/20050202.htm,788,245,0.525653436083588,0.2965834050253852,95,90,0.02702702688093499,0.05311513061926066
2005,2005-04-12,https://www.federalreserve.gov/fomc/minutes/20050322.htm,420,176,0.4093959724674564,0.27720930219664686,61,61,0.0,0.056744186020118985
2005,2005-05-24,https://www.federalreserve.gov/fomc/minutes/20050503.htm,397,145,0.464944648588663,0.266732283333301,57,78,-0.1555555544032922,0.06643700784132037
2005,2005-07-21,https://www.federalreserve.gov/fomc/minutes/20050630.htm,416,156,0.45454545375079464,0.2649374709286997,60,89,-0.19463087117697403,0.06901343211254589
2005,2005-08-30,https://www.federalreserve.gov/fomc/minutes/20050809.htm,317,119,0.4541284393253935,0.2592152198221075,46,48,-0.02127659551833409,0.05588585014513326
2005,2005-10-11,https://www.federalreserve.gov/fomc/minutes/20050920.htm,355,128,0.46997929509321057,0.2731900450943495,55,77,-0.1666666654040404,0.07466063344193402
2005,2005-11-22,https://www.federalreserve.gov/fomc/minutes/20051101.htm,372,150,0.42528735550711233,0.2836956520197306,50,80,-0.23076922899408286,0.07065217387464555
2005,2006-01-03,https://www.federalreserve.gov/fomc/minutes/20051213.htm,356,140,0.43548387008975026,0.27818283775760916,66,58,0.06451612851196671,0.06954570943940229
2004,2004-03-18,https://www.federalreserve.gov/fomc/minutes/20040128.htm,897,264,0.5452196377732819,0.2842801174622233,104,127,-0.09956709913607316,0.056562193913672336
2004,2004-05-06,https://www.federalreserve.gov/fomc/minutes/20040316.htm,372,146,0.436293435451171,0.270213875706722,55,85,-0.21428571275510205,0.07303077721803297
2004,2004-07-01,https://www.federalreserve.gov/fomc/minutes/20040504.htm,434,145,0.4991364412795571,0.253502626859237,75,85,-0.062499999609375,0.07005253937388244
2004,2004-08-12,https://www.federalreserve.gov/fomc/minutes/20040630.htm,433,158,0.4653130279774737,0.263957123598054,68,79,-0.07482993146374196,0.06565430993048044
2004,2004-09-23,https://www.federalreserve.gov/fomc/minutes/20040810.htm,360,137,0.4486921520147039,0.2598013589859899,64,95,-0.1949685522329022,0.08311552530940118
2004,2004-11-11,https://www.federalreserve.gov/fomc/minutes/20040921.htm,367,147,0.42801556336961954,0.25687156408951944,58,80,-0.15942028869985297,0.06896551720691378
2004,2004-12-16,https://www.federalreserve.gov/fomc/minutes/20041110.htm,385,114,0.5430861712563403,0.27523441793974934,75,67,0.05633802777226741,0.07832322113716314
2004,2005-01-04,https://www.federalreserve.gov/fomc/minutes/20041214.htm,401,143,0.4742647050105428,0.28142783223930273,57,77,-0.14925373022944977,0.06932229691188706
2003,2003-03-20,https://www.federalreserve.gov/fomc/minutes/20030129.htm,779,255,0.5067698254286558,0.28006500534126083,93,145,-0.21848739403996895,0.06446370529131536
2003,2003-05-08,https://www.federalreserve.gov/fomc/minutes/20030318.htm,340,136,0.42857142767106843,0.2595419845913075,68,115,-0.25683059968945027,0.09978189743741445
2003,2003-06-26,https://www.federalreserve.gov/fomc/minutes/20030506.htm,383,158,0.4158964872164575,0.27587965309746065,65,119,-0.29347825927457466,0.09382967868749123
2003,2003-08-14,https://www.federalreserve.gov/fomc/minutes/20030625.htm,474,209,0.3879941429165532,0.27363782040319,78,155,-0.33047210158595663,0.09334935893695939
2003,2003-09-18,https://www.federalreserve.gov/fomc/minutes/20030812.htm,373,125,0.4979919668715021,0.2587012985669084,69,72,-0.02127659559378301,0.07324675320870298
2003,2003-10-30,https://www.federalreserve.gov/fomc/minutes/20030916.htm,367,150,0.4197292061513942,0.26230339915661927,77,86,-0.055214723587639736,0.08269913745170007
2003,2003-12-11,https://www.federalreserve.gov/fomc/minutes/20031028.htm,361,136,0.4527162968758223,0.2680690397691105,71,75,-0.027397260086320138,0.07874865152171054
2003,2004-01-29,https://www.federalreserve.gov/fomc/minutes/20031209.htm,377,158,0.40934579362739104,0.2570879383675695,66,92,-0.1645569609838167,0.07592503600388033
2002,2002-03-21,https://www.federalreserve.gov/fomc/minutes/20020130.htm,824,264,0.5147058818798659,0.2808466700359198,116,187,-0.23432343156988966,0.07821373255595929
2002,2002-05-09,https://www.federalreserve.gov/fomc/minutes/20020319.htm,436,152,0.48299319645749456,0.25620915021515944,89,120,-0.14832535814198394,0.09106753808668082
2002,2002-06-27,https://www.federalreserve.gov/fomc/minutes/20020507.htm,337,154,0.37270875687839355,0.2520533879609582,56,112,-0.33333333134920634,0.08624229975038895
2002,2002-08-15,https://www.federalreserve.gov/fomc/minutes/20020626.htm,412,177,0.3989813236010504,0.2871769866956719,81,116,-0.1776649737174367,0.09605070692537752
2002,2002-09-26,https://www.federalreserve.gov/fomc/minutes/20020813.htm,396,167,0.4067495552277983,0.27898909797869714,59,123,-0.3516483497162179,0.09018830520803355
2002,2002-11-07,https://www.federalreserve.gov/fomc/minutes/20020924.htm,379,146,0.44380952296417236,0.2757352939728281,72,114,-0.22580645039889005,0.09768907557894481
2002,2002-12-12,https://www.federalreserve.gov/fomc/minutes/20021106.htm,452,180,0.43037974615446245,0.2734746861646583,66,140,-0.35922329922707136,0.08913890087012596
2002,2003-01-30,https://www.federalreserve.gov/fomc/minutes/20021210.htm,335,128,0.4470842322957144,0.2795893718118421,55,107,-0.3209876523395824,0.09782608689744801
2001,2001-03-22,https://www.federalreserve.gov/fomc/minutes/20010131.htm,983,305,0.5263975151192566,0.2876926512647548,102,218,-0.36249999886718753,0.07147643509683349
2001,2001-05-17,https://www.federalreserve.gov/fomc/minutes/20010320.htm,453,169,0.4565916391373125,0.26200505464953455,74,146,-0.32727272578512395,0.0926705981075524
2001,2001-06-28,https://www.federalreserve.gov/fomc/minutes/20010515.htm,450,223,0.3372956904349247,0.2776402639118646,97,181,-0.3021582722943947,0.1146864685995518
2001,2001-08-23,https://www.federalreserve.gov/fomc/minutes/20010627.htm,458,193,0.40706605160204906,0.26823238555079015,80,186,-0.3984962391033976,0.10960032957989274
2001,2001-10-04,https://www.federalreserve.gov/fomc/minutes/20010821.htm,447,198,0.38604651102938525,0.27261200326601354,78,169,-0.36842105113999574,0.10439560435148115
2001,2001-11-08,https://www.federalreserve.gov/fomc/minutes/20011002.htm,404,191,0.3579831926756585,0.2752081404832525,66,176,-0.45454545266716756,0.11193339495285227
2001,2001-12-13,https://www.federalreserve.gov/fomc/minutes/20011106.htm,413,177,0.3999999993220339,0.28095238081859414,70,170,-0.41666666493055554,0.11428571423129252
2001,2002-01-31,https://www.federalreserve.gov/fomc/minutes/20011211.htm,424,187,0.3878887064028008,0.27143491769372063,84,171,-0.3411764692502884,0.11328298528952334
2000,2000-03-23,https://www.federalreserve.gov/fomc/minutes/20000202.htm,882,274,0.5259515566384502,0.28550259316238513,110,138,-0.11290322535119668,0.06124969126667086
2000,2000-05-18,https://www.federalreserve.gov/fomc/minutes/20000321.htm,475,132,0.5650741341596802,0.2760345610386382,67,80,-0.08843537354805868,0.06684856750029625
2000,2000-06-29,https://www.federalreserve.gov/fomc/minutes/20000516.htm,370,151,0.42034548863657295,0.26246851372167834,54,85,-0.22302158112934115,0.07002518888159939
2000,2000-08-24,https://www.federalreserve.gov/fomc/minutes/20000628.htm,403,137,0.4925925916803841,0.25751072949093434,54,95,-0.2751677833881357,0.0710538864706467
2000,2000-10-05,https://www.federalreserve.gov/fomc/minutes/20000822.htm,414,123,0.5418994403316584,0.25730713931130467,53,87,-0.242857141122449,0.06708193576086156
2000,2000-11-16,https://www.federalreserve.gov/fomc/minutes/20001003.htm,346,136,0.4356846463989945,0.25844504007590074,50,82,-0.24242424058769516,0.070777479854811
2000,2000-12-21,https://www.federalreserve.gov/fomc/minutes/20001115.htm,389,147,0.451492536471096,0.2503503034795188,55,110,-0.3333333313131313,0.07706679118306083
2000,2001-02-01,https://www.federalreserve.gov/fomc/minutes/20001219.htm,468,158,0.49520766694056284,0.25160771694067213,69,144,-0.3521126744032269,0.0856109324414747
1999,1999-04-01,https://www.federalreserve.gov/fomc/minutes/19990202.htm,897,288,0.5139240501992202,0.28762135915348996,101,146,-0.18218623408021767,0.05995145629612828
1999,1999-05-20,https://www.federalreserve.gov/fomc/minutes/19990330.htm,399,129,0.5113636353951446,0.25409047148503827,64,83,-0.12925169980100884,0.07074109717481179
1999,1999-07-01,https://www.federalreserve.gov/fomc/minutes/19990518.htm,419,125,0.5404411754771302,0.2529056251729867,66,80,-0.09589041030212048,0.0678754067559854
1999,1999-08-26,https://www.federalreserve.gov/fomc/minutes/19990629.htm,508,198,0.439093483797318,0.24676686464635902,91,117,-0.12499999939903847,0.07270185247371484
1999,1999-10-07,https://www.federalreserve.gov/fomc/minutes/19990824.htm,664,190,0.5550351281556966,0.27628599149909866,82,127,-0.2153110037544928,0.06761565834111431
1999,1999-11-18,https://www.federalreserve.gov/fomc/minutes/19991005.htm,420,142,0.4946619208280037,0.2672372799490075,78,75,0.019607843009099065,0.072753209665833
1999,1999-12-23,https://www.federalreserve.gov/fomc/minutes/19991116.htm,421,162,0.4442538585861855,0.26380090485800867,64,97,-0.20496894282627987,0.07285067870006758
1999,2000-02-03,https://www.federalreserve.gov/fomc/minutes/19991221.htm,419,155,0.45993031278757784,0.2576301614642594,69,110,-0.22905027804999845,0.08034111306986486
1998,1998-04-02,https://www.federalreserve.gov/fomc/minutes/19980203.htm,922,278,0.5366666662194444,0.2799813345123702,106,154,-0.18461538390532545,0.06066262247768021
1998,1998-05-21,https://www.federalreserve.gov/fomc/minutes/19980331.htm,419,155,0.45993031278757784,0.2642725597309979,76,124,-0.2399999988,0.09208103126515607
1998,1998-07-02,https://www.federalreserve.gov/fomc/minutes/19980519.htm,516,208,0.4254143640532951,0.2721804510254961,83,156,-0.30543932926594425,0.08984962402637232
1998,1998-08-20,https://www.federalreserve.gov/fomc/minutes/19980630.htm,538,185,0.48824342947684174,0.2433524065151961,86,148,-0.264957263824969,0.07876135978500123
1998,1998-10-01,https://www.federalreserve.gov/fomc/minutes/19980818.htm,475,174,0.46379044612667114,0.2609569761717101,67,134,-0.33333333167495854,0.08082026534747878
1998,1998-11-19,https://www.federalreserve.gov/fomc/minutes/19980929.htm,507,202,0.430183356233874,0.2604702423730822,65,178,-0.46502057421802234,0.08927259364832014
1998,1998-12-23,https://www.federalreserve.gov/fomc/minutes/19981117.htm,648,242,0.4561797747683373,0.28173472608998584,76,204,-0.4571428555102041,0.08863564416314161
1998,1999-02-04,https://www.federalreserve.gov/fomc/minutes/19981222.htm,427,153,0.47241379228894176,0.252503265018501,64,115,-0.2849161995256078,0.07792773179019255
1997,1997-03-27,https://www.federalreserve.gov/fomc/minutes/19970204.htm,920,245,0.579399141133563,0.2794435115664563,100,127,-0.11894273075355626,0.05444950826230522
1997,1997-05-22,https://www.federalreserve.gov/fomc/minutes/19970325.htm,450,140,0.5254237279230106,0.25911286769472425,79,115,-0.18556700935274736,0.08519982429284154
1997,1997-07-03,https://www.federalreserve.gov/fomc/minutes/19970520.htm,453,144,0.517587938831511,0.25844155832967897,79,96,-0.09714285658775511,0.07575757572478027
1997,1997-08-21,https://www.federalreserve.gov/fomc/minutes/19970701.htm,524,152,0.5502958571741186,0.24743777443358794,80,92,-0.06976744145484046,0.06295754024049871
1997,1997-10-02,https://www.federalreserve.gov/fomc/minutes/19970819.htm,409,122,0.5404896411666862,0.23886639665368134,62,96,-0.21518987205576032,0.07107512367473004
1997,1997-11-13,https://www.federalreserve.gov/fomc/minutes/19970930.htm,418,125,0.5395948424685177,0.25783475771232917,59,82,-0.1631205662190031,0.06695156691977609
1997,1997-12-18,https://www.federalreserve.gov/fomc/minutes/19971112.htm,461,137,0.5418060191608595,0.2680412369932581,71,90,-0.11801242162725205,0.0721649484212618
1997,1998-02-05,https://www.federalreserve.gov/fomc/minutes/19971216.htm,443,134,0.5355285952590493,0.2689976688722622,75,91,-0.09638554158803891,0.07738927735319848
1996,1996-03-29,https://www.federalreserve.gov/fomc/minutes/19960130.htm,979,273,0.5638977631278771,0.27468187795641025,130,176,-0.15032679689435688,0.06713470819062424
1996,1996-05-24,https://www.federalreserve.gov/fomc/minutes/19960326.htm,422,146,0.4859154921022615,0.25747960097122413,72,103,-0.17714285613061226,0.07932910241190884
1996,1996-07-05,https://www.federalreserve.gov/fomc/minutes/19960521.htm,453,121,0.5783972115358934,0.2544326240006948,89,82,0.040935672275229984,0.07579787230682719
1996,1996-08-23,https://www.federalreserve.gov/fomc/minutes/19960702.htm,579,180,0.5256916989121322,0.2595759233038386,88,112,-0.1199999994,0.06839945278098514
1996,1996-09-27,https://www.federalreserve.gov/fomc/minutes/19960820.htm,396,131,0.5028462988560791,0.2625809664860085,65,106,-0.23976608046920422,0.08520179367952077
1996,1996-11-15,https://www.federalreserve.gov/fomc/minutes/19960924.htm,504,168,0.4999999992559524,0.27642945278633096,77,111,-0.1808510628678135,0.07733443024379497
1996,1996-12-20,https://www.federalreserve.gov/fomc/minutes/19961113.htm,431,143,0.5017421594046304,0.25230769219678784,68,90,-0.13924050544784491,0.06945054942002174
1996,1997-02-06,https://www.federalreserve.gov/fomc/minutes/19961217.htm,444,134,0.5363321790028855,0.2584973165212445,79,88,-0.0538922152461544,0.0746869409326087
1995,1995-03-31,https://www.federalreserve.gov/fomc/MINUTES/1995/19950201min.htm,759,252,0.5014836790291952,0.2629388815961147,129,187,-0.18354430321663195,0.08218465537524457
1995,1995-05-26,https://www.federalreserve.gov/fomc/MINUTES/1995/19950328min.htm,830,238,0.5543071155858547,0.28732849064102006,89,162,-0.2908366522277424,0.06752757598398505
1995,1995-07-07,https://www.federalreserve.gov/fomc/MINUTES/1995/19950523min.htm,485,159,0.5062111793381814,0.2625356705003931,79,131,-0.2476190464399093,0.08560945777186732
1995,1995-08-25,https://www.federalreserve.gov/fomc/MINUTES/1995/19950706min.htm,651,199,0.5317647052567475,0.2586731587770319,115,162,-0.16967508964016215,0.08429701762498569
1995,1995-09-29,https://www.federalreserve.gov/fomc/MINUTES/1995/19950822min.htm,455,124,0.571675301257901,0.26805555543145576,80,105,-0.13513513440467495,0.08564814810849623
1995,1995-11-17,https://www.federalreserve.gov/fomc/MINUTES/1995/19950926min.htm,470,142,0.5359477115425691,0.2613151151745025,95,100,-0.0256410255095332,0.08326216905069933
1995,1995-12-22,https://www.federalreserve.gov/fomc/MINUTES/1995/19951115min.htm,494,155,0.5223420639101046,0.26533115279422276,83,123,-0.1941747563389575,0.0842191332443912
1995,1996-02-02,https://www.federalreserve.gov/fomc/MINUTES/1995/19951219min.htm,484,145,0.5389507145644663,0.2676595743541874,100,105,-0.024390243783462225,0.08723404251607063
1994,1994-03-25,https://www.federalreserve.gov/fomc/MINUTES/1994/19940204min.htm,1072,302,0.5604075687333278,0.2825416409042686,143,154,-0.03703703691233321,0.06107341146183972
1994,1994-05-20,https://www.federalreserve.gov/fomc/MINUTES/1994/19940322min.htm,595,225,0.45121951164485424,0.26684022119530093,95,155,-0.23999999904,0.08135372597417712
1994,1994-07-08,https://www.federalreserve.gov/fomc/MINUTES/1994/19940517min.htm,499,157,0.5213414626199063,0.2805816936353372,88,116,-0.13725490128796616,0.08725406326464753
1994,1994-08-19,https://www.federalreserve.gov/fomc/MINUTES/1994/19940706min.htm,583,203,0.4834605591813479,0.2458554894445244,86,152,-0.27731092320457595,0.07444479196920714
1994,1994-09-30,https://www.federalreserve.gov/fomc/MINUTES/1994/19940816min.htm,452,139,0.5296108282070883,0.24905183301767728,78,87,-0.054545454214876034,0.06953223764452919
1994,1994-11-18,https://www.federalreserve.gov/fomc/MINUTES/1994/19940927min.htm,481,175,0.46646341392307406,0.2660178425523042,78,118,-0.2040816316118284,0.0794809407625787
1994,1994-12-22,https://www.federalreserve.gov/fomc/MINUTES/1994/19941115min.htm,569,183,0.5132978716578486,0.2714801443063249,99,105,-0.02941176456170704,0.07364620935969451
1994,1995-02-03,https://www.federalreserve.gov/fomc/MINUTES/1994/19941220min.htm,550,164,0.5406162457414339,0.25418298317757815,89,118,-0.14009661768069268,0.07369170520694493
1993,1993-03-26,https://www.federalreserve.gov/fomc/MINUTES/1993/19930203min.htm,1081,283,0.5850439878408767,0.27650516921214163,137,207,-0.2034883715014873,0.06973444150218235
1993,1993-05-21,https://www.federalreserve.gov/fomc/MINUTES/1993/19930323min.htm,564,194,0.4881266484325506,0.2674664783812751,105,156,-0.1954022981019069,0.09209597738458153
1993,1993-07-09,https://www.federalreserve.gov/fomc/MINUTES/1993/19930518min.htm,469,194,0.4147812965086255,0.27227926066846847,69,128,-0.2994923842665361,0.08090349072652835
1993,1993-08-20,https://www.federalreserve.gov/fomc/MINUTES/1993/19930707min.htm,675,198,0.5463917519514413,0.26754520371819024,116,146,-0.11450381635685566,0.08029420775964015
1993,1993-09-24,https://www.federalreserve.gov/fomc/MINUTES/1993/19930817min.htm,432,158,0.4644067788738868,0.262923351041478,79,109,-0.15957446723630603,0.08377896609457265
1993,1993-11-19,https://www.federalreserve.gov/fomc/MINUTES/1993/19930921min.htm,490,174,0.475903613741109,0.27494824005178126,91,135,-0.19469026462526431,0.09358178049955206
1993,1993-12-23,https://www.federalreserve.gov/fomc/MINUTES/1993/19931116min.htm,608,172,0.5589743582577252,0.267857142765159,106,127,-0.09012875497798818,0.08001373623625903
1993,1994-02-04,https://www.federalreserve.gov/fomc/MINUTES/1993/19931221min.htm,581,184,0.5189542476876415,0.27272727263004376,124,131,-0.02745098028450596,0.09090909087668125
